{
    "T Nagar": [
        13.0294483,
        80.2309064
    ],
    "Mambalam": [
        13.0380662,
        80.2277752
    ],
    "Beach": [
        13.0919362,
        80.2921131
    ],
    "Park": [
        12.9733868,
        80.1863499
    ],
    "CIT Nagar": [
        13.0293843,
        80.2342825
    ],
    "Tambaram": [
        12.9212805,
        80.1008832
    ],
    "Koyambedu": [
        13.0734496,
        80.1948363
    ],
    "Velachery": [
        12.9801655,
        80.2228506
    ],
    "Guindy": [
        13.0086685,
        80.2126063
    ],
    "Sholinganallur": [
        12.9174426,
        80.2164902
    ],
    "Perambur": [
        13.1121242,
        80.245022
    ],
    "Washermanpet": [
        13.1089648,
        80.2820095
    ],
    "Thiruvanmiyur": [
        12.9858948,
        80.2644215
    ],
    "Egmore": [
        13.0728321,
        80.2576906
    ],
    "Chennai Central": [
        13.0824232,
        80.2759622
    ],
    "Broadway": [
        13.0937955,
        80.286144
    ],
    "CIT": [
        13.0293843,
        80.2342825
    ],
    "Marina Beach": [
        13.0532752,
        80.2833106
    ],
    "Madha College": [
        13.0046779,
        80.1127146
    ],
    "Adyar": [
        13.00645,
        80.2577791
    ],
    "Vadapalani": [
        13.0509304,
        80.2120661
    ],
    "Chromepet": [
        12.9462767,
        80.1370369
    ],
    "Tiruvottiyur": [
        13.1563873,
        80.3005279
    ],
    "Airport": [
        12.9986874,
        80.1799322
    ]
}